ALX,ALY,ALZ,ARX,ARY,ARZ,EMG0L,EMG1L,EMG2L,EMG3L,EMG4L,EMG5L,EMG6L,EMG7L,EMG0R,EMG1R,EMG2R,EMG3R,EMG4R,EMG5R,EMG6R,EMG7R,GLX,GLY,GLZ,GRX,GRY,GRZ,ORL,OPL,OYL,ORR,OPR,OYR,LHNX,LHNY,LHNZ,RHNX,RHNY,RHNZ,HX,HY,HZ,LTX,LTY,LTZ,RTX,RTY,RTZ,SpineMidX,SpineMidY,SpineMidZ,SpineBaseX,SpineBaseY,SpineBaseZ,ShoulderLeftX,ShoulderLeftY,ShoulderLeftZ,ShoulderRightX,ShoulderRightY,ShoulderRightZ,ElbowLeftX,ElbowLeftY,ElbowLeftZ,ElbowRightX,ElbowRightY,ElbowRightZ,Myo_Pose_left,Myo_Pose_Right,Kinect_pose_left,Kinect_pose_right
0.9106445,-0.3901367,-0.09228516,0.8666992,0.434082,-0.05273438,1,-2,-3,-2,-2,-1,-2,-2,-1,0,-1,0,1,-1,-2,-3,-0.5,-0.5,-0.5,1.5625,1.5625,1.5625,2.109697,3.171746,4.913925,7.79148,3.251581,7.257774,-0.1554221,-0.4609771,1.60793,0.2315985,-0.4578163,1.595114,0.03735002,0.352838,1.728616,-0.1156639,-0.4454965,1.613212,0.1871119,-0.4467497,1.585345,0.03676185,-0.1048536,1.730994,0.04379573,-0.4288543,1.705139,-0.1358243,0.08253931,1.712611,-0.03548423,-0.420612,1.66992,-0.1739199,-0.1793136,1.713968,0.2539552,-0.1813152,1.701811,NA,NA,NotTracked,NotTracked,
0.9091797,-0.3916016,-0.08544922,0.8671875,0.4379883,-0.05957031,0,-3,-1,-2,-3,-6,-3,-1,1,-1,-2,0,-2,-1,-1,-2,1.125,1.125,1.125,-1,-1,-1,2.111264,3.171685,4.913149,7.792178,3.25173,7.256255,-0.1552253,-0.4608541,1.607245,0.2316618,-0.4573371,1.594739,0.03741746,0.3527698,1.728436,-0.113171,-0.4374635,1.612594,0.1862619,-0.4475867,1.583894,0.03667661,-0.1048317,1.730927,0.04372703,-0.4288571,1.705096,-0.135839,0.08253074,1.71273,-0.03556113,-0.4205998,1.66986,-0.1739281,-0.1793334,1.713949,0.2539404,-0.1813307,1.701744,NA,NA,NotTracked,NotTracked,
0.9150391,-0.3974609,-0.08691406,0.8691406,0.4418945,-0.0625,-1,-4,-3,-2,-4,-4,-2,-1,1,0,-1,2,0,-1,1,-3,-0.125,-0.125,-0.125,-1.375,-1.375,-1.375,2.111863,3.171427,4.912528,7.790926,3.251933,7.253943,-0.1556244,-0.4610279,1.607611,0.2315598,-0.4575521,1.594381,0.03747098,0.3527892,1.728342,-0.1125284,-0.4318188,1.612542,0.1881539,-0.4427777,1.586392,0.03666125,-0.1048303,1.730874,0.04368328,-0.4288404,1.705012,-0.1358056,0.08258595,1.712853,-0.03559309,-0.4205659,1.669811,-0.173952,-0.1792782,1.713963,0.2539239,-0.1813258,1.701707,NA,NA,NotTracked,NotTracked,
0.9111328,-0.3945313,-0.09277344,0.8706055,0.4370117,-0.05615234,-1,-1,-3,-2,0,-5,-2,-2,0,1,-3,0,-2,-2,-2,-1,-2.1875,-2.1875,-2.1875,-0.4375,-0.4375,-0.4375,2.110579,3.170926,4.911514,7.789162,3.251673,7.248987,-0.1551209,-0.461179,1.606182,0.2311807,-0.4578672,1.594136,0.03757588,0.3527357,1.728112,-0.1117772,-0.453953,1.60968,0.1873623,-0.4452685,1.585271,0.03661573,-0.1048407,1.730674,0.04358599,-0.4288418,1.704789,-0.13576,0.08257426,1.712869,-0.03569124,-0.4205331,1.669608,-0.1739698,-0.1792933,1.713809,0.2538594,-0.1814005,1.701566,NA,NA,NotTracked,NotTracked,
0.9116211,-0.3886719,-0.09179688,0.8745117,0.4404297,-0.04492188,-11,-2,-3,-1,-1,2,-2,-2,-2,-1,0,-2,-1,0,-2,-1,-1.875,-1.875,-1.875,1.625,1.625,1.625,2.108472,3.170442,4.910511,7.789365,3.251593,7.249091,-0.1552642,-0.4602379,1.605935,0.2314253,-0.4572893,1.593975,0.03766983,0.3527443,1.727964,-0.1141469,-0.4846429,1.599636,0.1876699,-0.4434659,1.585546,0.03661143,-0.1048512,1.7306,0.04357475,-0.4288501,1.704778,-0.1357968,0.08256318,1.71305,-0.03570131,-0.4205387,1.669602,-0.1739601,-0.1793426,1.71357,0.25385,-0.1814378,1.701541,NA,NA,NotTracked,NotTracked,
0.9116211,-0.3930664,-0.09082031,0.8730469,0.4399414,-0.04882813,-5,-1,-1,-4,-10,-11,-4,0,-1,0,-2,1,-1,-3,0,-1,-0.4375,-0.4375,-0.4375,1.1875,1.1875,1.1875,2.107006,3.168978,4.909735,7.7918,3.252292,7.247972,-0.1556772,-0.4609341,1.606971,0.2316325,-0.4573961,1.594621,0.03776533,0.3526769,1.727794,-0.1160427,-0.4436153,1.613161,0.1875923,-0.4438014,1.58557,0.03659218,-0.1048979,1.730477,0.04351323,-0.4288675,1.704722,-0.1357998,0.08254146,1.713029,-0.03576173,-0.4205454,1.669539,-0.174015,-0.1793683,1.713389,0.2538395,-0.1814754,1.701504,NA,NA,NotTracked,NotTracked,
0.9106445,-0.3950195,-0.09375,0.8730469,0.4482422,-0.05859375,-1,0,-2,-2,2,3,-2,-3,-2,-1,0,-1,-3,-3,-1,1,-0.875,-0.875,-0.875,1,1,1,2.103997,3.169213,4.911658,7.791765,3.253486,7.248834,-0.1549101,-0.4602764,1.606973,0.2314537,-0.45734,1.594868,0.03785108,0.3527303,1.727582,-0.1146625,-0.4461387,1.611545,0.1865772,-0.4461654,1.58458,0.03654978,-0.1048603,1.730413,0.0434632,-0.4288534,1.704691,-0.1358365,0.08256805,1.713049,-0.0358197,-0.4205172,1.66949,-0.1739989,-0.1793541,1.713353,0.2538155,-0.1814333,1.701481,NA,NA,NotTracked,NotTracked,
0.9086914,-0.3935547,-0.09082031,0.9482422,0.4853516,-0.04931641,-3,-3,-1,-1,-3,-2,-1,-2,0,0,-1,0,4,5,17,2,0.5,0.5,0.5,-3.5625,-3.5625,-3.5625,2.104599,3.168955,4.911035,7.7367,3.263486,7.305977,-0.1554995,-0.4602807,1.606739,0.2311738,-0.4568034,1.593474,0.03785745,0.3527454,1.727293,-0.1137165,-0.4398013,1.611718,0.1876592,-0.4433671,1.58576,0.03664584,-0.1048886,1.730237,0.04356552,-0.4288615,1.704633,-0.1358873,0.08246682,1.712935,-0.0357147,-0.4205459,1.669403,-0.1740512,-0.1794788,1.712907,0.2537948,-0.181351,1.701473,NA,NA,NotTracked,NotTracked,
0.9736328,-0.4052734,-0.09716797,0.9726563,0.5024414,0.01367188,-1,0,-2,-1,-3,-6,-2,0,0,-2,-2,-5,-4,1,4,-1,7.75,7.75,7.75,6.125,6.125,6.125,2.147773,3.181588,4.870236,7.583941,3.3014,7.472492,-0.1536521,-0.458859,1.602981,0.2263319,-0.4522415,1.586848,0.03781001,0.3527503,1.727171,-0.1139857,-0.4402297,1.611815,0.1858653,-0.4398784,1.579825,0.03661278,-0.1048964,1.730179,0.04355391,-0.428879,1.704588,-0.1359204,0.0823855,1.712837,-0.03572507,-0.4205592,1.669344,-0.1741902,-0.1795393,1.712864,0.2543615,-0.181182,1.702228,NA,NA,NotTracked,NotTracked,
0.9907227,-0.4584961,-0.06054688,0.9389648,0.6152344,0.06396484,-2,-2,-3,-3,-5,-5,-2,-2,1,1,-3,2,1,-2,-1,-3,-2.9375,-2.9375,-2.9375,13.5625,13.5625,13.5625,2.301355,3.231089,4.701642,7.403091,3.394607,7.71177,-0.1439005,-0.4437625,1.592688,0.2129369,-0.4286231,1.577016,0.03769043,0.3528259,1.727026,-0.1075432,-0.4333013,1.600042,0.1732674,-0.4355313,1.558103,0.03658475,-0.1048989,1.730156,0.04341013,-0.4289051,1.70464,-0.1359075,0.08232238,1.712835,-0.03592738,-0.4205763,1.669395,-0.1752697,-0.1792822,1.714811,0.2559427,-0.1769341,1.706425,NA,NA,NotTracked,NotTracked,
0.9360352,-0.5981445,0.04492188,0.8920898,0.6870117,0.1943359,-1,0,-1,0,-4,0,0,-1,-3,-3,1,1,-3,-1,-1,-2,-36.4375,-36.4375,-36.4375,-33.25,-33.25,-33.25,2.518627,3.32333,4.407589,7.109432,3.6093,8.016516,-0.127502,-0.4132453,1.584138,0.1973949,-0.3919881,1.564618,0.03761068,0.3528934,1.726675,-0.09300433,-0.3709033,1.595714,0.1583182,-0.3962835,1.531593,0.03613659,-0.1047942,1.729764,0.0423132,-0.428675,1.704097,-0.1359293,0.08235288,1.712782,-0.0372069,-0.4202473,1.668875,-0.1787345,-0.1725983,1.721788,0.2591484,-0.167467,1.713095,NA,NA,NotTracked,NotTracked,
0.9013672,-0.7509766,0.1337891,0.7368164,0.71875,0.2646484,0,0,-2,2,8,9,3,0,0,3,4,-2,-5,-4,-3,-3,11.3125,11.3125,11.3125,-37.4375,-37.4375,-37.4375,2.736449,3.556514,4.121215,6.946354,3.826108,8.15919,-0.09190825,-0.3839703,1.57099,0.1534411,-0.3726436,1.54921,0.03732721,0.3531714,1.725712,-0.08440618,-0.3838972,1.505524,0.1523062,-0.3496608,1.499567,0.03602851,-0.1046291,1.729302,0.04192504,-0.4282626,1.703587,-0.1359391,0.08251463,1.712681,-0.03756376,-0.4198667,1.668399,-0.1825967,-0.159559,1.729448,0.2630222,-0.1572523,1.718404,NA,NA,NotTracked,Unknown,
0.7729492,-0.699707,0.1381836,0.5576172,0.7597656,0.3227539,-2,-2,-2,-3,-10,-8,0,0,-2,-3,-4,-3,-3,0,0,-2,-3,-3,-3,-46.0625,-46.0625,-46.0625,2.851677,3.792727,3.995522,6.836442,4.064428,8.22986,-0.07412605,-0.3309627,1.558293,0.1473356,-0.3079808,1.53201,0.0371666,0.3532442,1.724903,-0.02927735,-0.2703931,1.562684,0.1522305,-0.3780566,1.562733,0.03579829,-0.1045462,1.729116,0.04161122,-0.4281574,1.703653,-0.1360024,0.08296262,1.71259,-0.03767363,-0.4198148,1.668454,-0.1869949,-0.1444508,1.736336,0.2660835,-0.1467488,1.722355,NA,NA,Unknown,Unknown,
0.5390625,-0.8549805,0.2167969,0.3325195,0.668457,0.3979492,-4,0,1,3,-1,2,-5,-5,-2,-2,-3,-4,-4,-3,-3,-1,-4.6875,-4.6875,-4.6875,-33.75,-33.75,-33.75,2.876466,4.145693,3.91215,6.72263,4.363522,8.27898,-0.05850078,-0.2894636,1.547629,0.1201741,-0.2586481,1.51818,0.03700988,0.3532459,1.724165,-0.07515273,-0.2581383,1.495982,0.1128725,-0.3213099,1.554045,0.03569362,-0.1043905,1.729163,0.04147537,-0.4277698,1.704614,-0.1361329,0.08366501,1.712727,-0.0373353,-0.4196447,1.669369,-0.1896376,-0.1380276,1.738236,0.2679496,-0.137727,1.723728,NA,NA,Unknown,NotTracked,
0.3579102,-0.8413086,0.2236328,0.2060547,0.6723633,0.3901367,-2,2,-2,1,-4,1,0,-3,-2,-3,-2,2,-1,-1,0,-1,22.5625,22.5625,22.5625,-8.625,-8.625,-8.625,2.914241,4.39157,3.876692,6.696468,4.548343,8.287637,-0.02718933,-0.2308393,1.520599,0.1240857,-0.2076756,1.515128,0.03683292,0.3532254,1.723252,-0.04753661,-0.2003131,1.459,0.1205391,-0.2720691,1.561025,0.03544256,-0.1040642,1.728922,0.04116725,-0.4270205,1.704785,-0.1361703,0.08454456,1.712473,-0.03745695,-0.4189974,1.669386,-0.190051,-0.1333055,1.735636,0.2703911,-0.1271799,1.723004,NA,NA,NotTracked,NotTracked,
0.2348633,-0.7226563,0.2172852,0.1005859,0.7236328,0.4404297,-4,-1,-3,-2,-1,-1,-2,-4,-3,-2,-5,-6,-4,-2,1,-2,28,28,28,2,2,2,2.985296,4.583295,3.838114,6.680521,4.699562,8.296382,-0.02172489,-0.1931412,1.516352,0.1216646,-0.1867777,1.518083,0.03659193,0.3534895,1.722902,-0.04685814,-0.1595164,1.455423,0.09478056,-0.2385104,1.553707,0.03505125,-0.1033196,1.728814,0.04092504,-0.425654,1.70518,-0.1363106,0.08578759,1.712237,-0.0375531,-0.4175797,1.669658,-0.1911394,-0.1265466,1.730613,0.2720032,-0.1219166,1.719283,NA,NA,NotTracked,NotTracked,
0.1606445,-0.8530273,0.3208008,0.1157227,0.7924805,0.4921875,0,0,-2,-2,-2,0,-1,-2,-6,-1,-4,-7,-6,-3,-3,-3,-11.3125,-11.3125,-11.3125,11.375,11.375,11.375,2.996937,4.739616,3.800888,6.686652,4.749547,8.297836,0.0490301,-0.1548341,1.47819,0.1222011,-0.1710036,1.51305,0.03649859,0.3535357,1.722569,-0.013892,-0.143195,1.435833,0.09364191,-0.2194057,1.552825,0.03495442,-0.1027481,1.728545,0.04081184,-0.4245948,1.70523,-0.1360528,0.08626214,1.711832,-0.03753294,-0.416478,1.669672,-0.1585068,-0.1429211,1.666301,0.2740497,-0.1183929,1.717008,NA,NA,NotTracked,NotTracked,
0.1542969,-0.8793945,0.3061523,0.09765625,0.8540039,0.5268555,0,-1,-2,-1,1,6,1,-2,-1,-1,5,-3,-4,-2,-1,0,-10.9375,-10.9375,-10.9375,-6.25,-6.25,-6.25,2.990776,4.804688,3.780497,6.683837,4.772993,8.297431,-0.004253968,-0.1457255,1.506311,0.1220413,-0.1643675,1.510865,0.03638079,0.3535291,1.722312,-0.03056832,-0.1130845,1.456178,0.09372928,-0.2129599,1.548282,0.03492317,-0.1024385,1.728322,0.04081435,-0.4239232,1.705183,-0.1358568,0.08663574,1.711156,-0.03744189,-0.4156919,1.669505,-0.195623,-0.1135735,1.720485,0.2751721,-0.1175174,1.716159,NA,NA,NotTracked,NotTracked,
0.1137695,-0.8681641,0.2875977,0.1186523,0.8510742,0.5126953,-3,1,-2,-3,-4,-5,0,-2,-3,-3,-2,0,0,1,-1,-3,7.4375,7.4375,7.4375,2.375,2.375,2.375,3.001811,4.821126,3.763709,6.674536,4.784774,8.301015,-0.009431372,-0.1460759,1.516903,0.1186506,-0.1619397,1.514062,0.03640394,0.3535867,1.722104,-0.0401528,-0.1274007,1.453644,0.09580348,-0.213921,1.549723,0.03494031,-0.1022447,1.728136,0.04097063,-0.4234724,1.705083,-0.1351079,0.08715652,1.706506,-0.03719107,-0.4151778,1.669235,-0.2269529,-0.152838,1.699751,0.276116,-0.1164621,1.715385,NA,NA,NotTracked,NotTracked ,
0.1000977,-0.9589844,0.3369141,0.09716797,0.8417969,0.5024414,-1,-2,-3,0,-1,1,5,2,-11,-7,-6,-10,-8,-3,-3,-5,-11.125,-11.125,-11.125,5.9375,5.9375,5.9375,2.991113,4.824583,3.763098,6.676656,4.804543,8.299845,-0.009043731,-0.1452196,1.517349,0.1197336,-0.1571435,1.512041,0.0364445,0.3535978,1.721921,-0.04318995,-0.1318409,1.453239,0.09635947,-0.2108987,1.549533,0.03500644,-0.1019644,1.727984,0.0411498,-0.423007,1.705063,-0.1350777,0.08718998,1.706505,-0.03692706,-0.4146883,1.669091,-0.2269241,-0.1525569,1.699621,0.2765456,-0.1161097,1.715087,NA,NA,NotTracked,NotTracked,
0.1123047,-0.9614258,0.300293,0.09814453,0.9145508,0.512207,-1,-1,0,0,-4,-10,-13,-7,1,0,0,0,1,0,3,-2,1.75,1.75,1.75,12.1875,12.1875,12.1875,2.990607,4.817408,3.77607,6.694602,4.82047,8.298771,-0.008947223,-0.1442745,1.515942,0.1190733,-0.1570645,1.513549,0.03657357,0.353805,1.721738,-0.04357688,-0.1276696,1.450237,0.09839454,-0.2121344,1.549849,0.03522193,-0.101628,1.727803,0.04145224,-0.4226221,1.705161,-0.1347694,0.08743235,1.704148,-0.03654844,-0.4143253,1.669074,-0.2266834,-0.1520283,1.69994,0.276801,-0.1156794,1.71505,NA,NA,NotTracked,NotTracked,
0.1137695,-0.9824219,0.2983398,0.05224609,0.9755859,0.4956055,1,-1,0,2,5,6,0,3,1,1,-10,-3,0,-7,-7,-4,4.1875,4.1875,4.1875,20.1875,20.1875,20.1875,2.994731,4.815104,3.78532,6.725739,4.855865,8.293423,-0.01511801,-0.1446306,1.511121,0.1196437,-0.1544597,1.514236,0.03682912,0.3538921,1.721328,-0.03984827,-0.1120459,1.44902,0.1001739,-0.210872,1.549205,0.035369,-0.1014108,1.727398,0.04171198,-0.4223922,1.704902,-0.1346702,0.08742744,1.704126,-0.03618269,-0.4141034,1.668588,-0.2265812,-0.151325,1.699945,0.2772222,-0.1147403,1.714608,NA,NA,NotTracked,NotTracked,
0.1254883,-0.9638672,0.3139648,-0.3588867,1.055664,0.5087891,1,0,-1,0,-3,-4,13,2,-4,39,27,10,5,-1,-5,-5,-19.0625,-19.0625,-19.0625,9.6875,9.6875,9.6875,2.976345,4.825837,3.801958,6.777802,5.029362,8.272411,-0.01986742,-0.145934,1.507164,0.1229647,-0.1399567,1.511471,0.03707195,0.3539049,1.721013,-0.04093672,-0.1144948,1.449127,0.1010045,-0.1933228,1.549583,0.03549535,-0.1012143,1.727026,0.04190022,-0.4220808,1.704711,-0.1344939,0.0875584,1.704153,-0.03588404,-0.413761,1.668203,-0.2268688,-0.1509504,1.699636,0.2783077,-0.1141638,1.713724,NA,NA,NotTracked,NotTracked,
0.1381836,-0.9746094,0.2978516,-0.3754883,0.7099609,0.3227539,-1,-2,2,-1,-2,-2,0,-1,-1,0,-2,-2,0,7,5,-2,-0.0625,-0.0625,-0.0625,-37.0625,-37.0625,-37.0625,2.980859,4.825647,3.796308,6.726818,5.20741,8.269929,-0.01939294,-0.1430161,1.507481,0.130424,-0.1008306,1.497783,0.03737512,0.3539936,1.720717,-0.04457236,-0.1084833,1.449156,0.09925212,-0.1530326,1.557578,0.03570911,-0.1011533,1.726573,0.04206476,-0.4219979,1.704462,-0.1343097,0.08762617,1.703914,-0.03561273,-0.4136661,1.667571,-0.2284295,-0.1506751,1.701214,0.2821384,-0.1145862,1.700903,NA,NA,NotTracked,NotTracked,
0.04541016,-1.004883,0.28125,-0.2226563,0.4902344,0.01757813,0,-2,-3,-2,-7,-6,-9,0,0,-1,-3,-6,-6,-4,-7,-4,-2.9375,-2.9375,-2.9375,9.75,9.75,9.75,2.974041,4.847983,3.792114,6.723659,5.27213,8.27107,-0.01950404,-0.1386923,1.508212,0.1365333,-0.06998205,1.454816,0.03784535,0.3542074,1.720076,-0.0423006,-0.1010638,1.447961,0.1046324,-0.09448092,1.439975,0.03589159,-0.101065,1.726434,0.04220592,-0.4218913,1.704475,-0.1338917,0.08798064,1.701776,-0.03540704,-0.4135666,1.667489,-0.229971,-0.1508259,1.703123,0.2827375,-0.1194101,1.687322,NA,NA,NotTracked,NotTracked,
0.0009765625,-0.9331055,0.2475586,1.150391,1.188477,0.2880859,-1,0,-2,-2,-5,-3,7,3,-6,7,12,15,7,-3,-3,-3,10.125,10.125,10.125,198.6875,198.6875,198.6875,2.981015,4.898509,3.785457,7.066086,4.991331,8.170974,-0.0209828,-0.1303467,1.502759,0.1493018,-0.1143757,1.415146,0.03818604,0.3541479,1.719642,-0.04628832,-0.09552081,1.444685,0.09248008,-0.1098766,1.431,0.03604862,-0.1009823,1.726357,0.04264667,-0.4217575,1.704527,-0.1334971,0.08815522,1.700063,-0.0349775,-0.4134309,1.667356,-0.2300276,-0.1507991,1.703081,0.3361848,-0.1364514,1.622973,NA,NA,NotTracked,NotTracked,
0.03710938,-0.8374023,0.2446289,0.7617188,1.359863,0.8515625,-2,-3,0,-1,-3,-4,-14,-2,7,-8,-1,10,11,10,1,10,-10.875,-10.875,-10.875,32.5625,32.5625,32.5625,2.982122,4.924897,3.811485,7.173906,4.76578,8.213452,-0.02408553,-0.127997,1.495802,0.1685168,-0.1779026,1.431561,0.0382174,0.3540826,1.719518,-0.06113856,-0.1438019,1.4598,0.1498676,-0.1496593,1.410905,0.03612893,-0.1010592,1.726253,0.04300122,-0.4219966,1.704388,-0.1334344,0.08812904,1.700065,-0.03470208,-0.413596,1.667105,-0.2304779,-0.1516897,1.702416,0.2894753,-0.09602198,1.669635,NA,NA,Closed,Unknown,
0.1376953,-1.052734,0.3837891,-0.1582031,1.247559,0.4379883,-2,-2,-1,-1,-2,-9,0,-3,-11,-14,-7,-3,-2,0,2,2,-12.6875,-12.6875,-12.6875,-78.625,-78.625,-78.625,2.948785,4.903782,3.844246,7.062307,4.752308,8.320299,-0.02850704,-0.1305694,1.487146,0.1657472,-0.1757799,1.483572,0.03823677,0.3539813,1.719341,-0.05743971,-0.1058725,1.434638,0.1104956,-0.2125948,1.523583,0.03598494,-0.1011792,1.726042,0.04301644,-0.4221259,1.704304,-0.1333991,0.08816487,1.698336,-0.03468103,-0.4137336,1.666841,-0.2307014,-0.1533093,1.699952,0.3068436,-0.09802295,1.684026,NA,NA,Closed,NotTracked,
0.1347656,-0.925293,0.347168,-0.4130859,0.590332,0.08300781,1,1,1,0,3,6,-2,-3,-3,-4,0,-1,10,12,11,4,-3.5625,-3.5625,-3.5625,-53.1875,-53.1875,-53.1875,2.955617,4.877737,3.864024,6.878187,4.957622,8.317924,-0.02983713,-0.1322939,1.485116,0.1595085,-0.1363149,1.502945,0.03809384,0.3541234,1.718894,-0.05980561,-0.1077973,1.433143,0.1204854,-0.1863832,1.551823,0.03577533,-0.1011052,1.725654,0.04292973,-0.4220674,1.704191,-0.1334499,0.08809623,1.697375,-0.03472899,-0.4137484,1.666766,-0.2314689,-0.1532287,1.699068,0.3075168,-0.09607253,1.687999,NA,NA,NotTracked,NotTracked,
0.05078125,-0.9624023,0.3022461,0.05566406,0.7719727,0.3583984,-1,-1,-1,-2,-3,-3,2,1,3,1,7,1,-4,-3,3,7,4,4,4,1.4375,1.4375,1.4375,2.96499,4.877398,3.855814,6.869586,5.046039,8.247075,-0.0298373,-0.1335226,1.485496,0.1587303,-0.1171752,1.490217,0.03772581,0.3542039,1.717743,-0.05694385,-0.1058871,1.433762,0.1187025,-0.1612661,1.548667,0.03573599,-0.1010737,1.725,0.04295832,-0.4220289,1.703847,-0.1334808,0.08799554,1.697711,-0.03467887,-0.4137917,1.666483,-0.2318655,-0.153043,1.698983,0.3051643,-0.09522035,1.687848,NA,NA,NotTracked,NotTracked,
0.06640625,-0.9975586,0.3051758,0.1142578,1.035645,0.4287109,0,1,1,2,2,3,4,-1,0,5,-7,-1,-3,-7,-12,-12,10,10,10,-0.25,-0.25,-0.25,2.976377,4.877213,3.845398,6.868731,5.026018,8.217065,-0.02931418,-0.1336918,1.486377,0.1575021,-0.118515,1.48291,0.03714112,0.3542131,1.717037,-0.05461111,-0.1055597,1.436918,0.1025882,-0.1464583,1.538917,0.03568604,-0.1011734,1.724734,0.04306728,-0.4221274,1.703548,-0.1335831,0.08795045,1.697666,-0.03455878,-0.4139303,1.666148,-0.2325641,-0.1541683,1.699573,0.3007462,-0.0979277,1.684703,NA,NA,NotTracked,NotTracked,
0.05566406,-0.9433594,0.2724609,0.04199219,0.9570313,0.387207,-1,-3,-3,-1,0,2,6,3,5,17,10,7,3,10,4,4,4.125,4.125,4.125,-11.9375,-11.9375,-11.9375,2.988808,4.878872,3.84097,6.854463,5.011303,8.209145,-0.02808921,-0.1336573,1.487696,0.1553985,-0.1211044,1.483079,0.03692851,0.3541781,1.71676,-0.0557082,-0.1067132,1.43929,0.1156488,-0.08457786,1.558375,0.0356863,-0.101175,1.724648,0.04321134,-0.4220523,1.703459,-0.133801,0.08784493,1.698451,-0.03437533,-0.4138681,1.666003,-0.2325415,-0.1532972,1.699462,0.2986621,-0.09943622,1.684564,NA,NA,NotTracked,NotTracked,
0.04882813,-0.9487305,0.2910156,-0.01660156,0.8652344,0.4003906,-1,-2,-1,-1,-2,-2,5,0,5,9,1,1,-4,-1,1,2,-3.375,-3.375,-3.375,-5.25,-5.25,-5.25,2.98336,4.880161,3.834511,6.830603,5.007607,8.209342,-0.02736922,-0.1349382,1.487319,0.1535307,-0.1221482,1.483124,0.03667753,0.3539012,1.716339,-0.05462496,-0.1071449,1.437914,0.111513,-0.0916729,1.5538,0.03560939,-0.1013181,1.724411,0.04325561,-0.4221942,1.70328,-0.1338533,0.0877957,1.697925,-0.03429729,-0.4140567,1.665684,-0.231838,-0.153843,1.697732,0.2970388,-0.1002552,1.685464,NA,NA,NotTracked,NotTracked,
0.08203125,-0.9780273,0.3203125,-0.0009765625,0.9038086,0.4125977,-1,-2,0,-2,0,-8,-15,-7,-8,-14,-8,-15,-16,-6,-2,-1,-3.75,-3.75,-3.75,-7.3125,-7.3125,-7.3125,2.973088,4.881179,3.83567,6.825524,4.999777,8.201677,-0.02699355,-0.1346699,1.486041,0.1530234,-0.1247178,1.483435,0.03665687,0.3538433,1.715892,-0.05602065,-0.1088363,1.436317,0.09963425,-0.1150803,1.5399,0.0355304,-0.1013363,1.7243,0.04324416,-0.4221649,1.703153,-0.1339434,0.08776166,1.698305,-0.03430019,-0.414023,1.665514,-0.231778,-0.1538875,1.697649,0.2955052,-0.1008592,1.686437,NA,NA,NotTracked,NotTracked,
0.07714844,-0.9604492,0.2973633,0.02246094,0.8310547,0.4228516,-2,0,-1,0,-1,1,0,1,-4,0,1,2,2,-1,-2,-4,3.375,3.375,3.375,-3.375,-3.375,-3.375,2.975725,4.878778,3.838608,6.792822,4.974799,8.171856,-0.027938,-0.1357166,1.485608,0.1513673,-0.1282007,1.483109,0.03678357,0.353789,1.715659,-0.05466083,-0.108628,1.434876,0.1008564,-0.1605606,1.537857,0.03544933,-0.1013838,1.724068,0.04325603,-0.422186,1.702922,-0.134048,0.08757658,1.698563,-0.03429312,-0.414065,1.665145,-0.2318599,-0.1540039,1.69675,0.2923459,-0.1021246,1.687694,NA,NA,NotTracked,NotTracked,
0.08837891,-0.9296875,0.2802734,0.05761719,0.7900391,0.4047852,-1,0,0,-1,-7,-4,-3,-4,-2,0,-2,1,0,-2,-2,-3,0.125,0.125,0.125,-20.8125,-20.8125,-20.8125,2.974783,4.868673,3.853353,6.758574,4.888561,8.148347,-0.02979648,-0.1402442,1.482337,0.1493859,-0.1391584,1.479606,0.03682968,0.3537343,1.715455,-0.05363069,-0.113345,1.431291,0.1027113,-0.1076428,1.552333,0.03535885,-0.1013553,1.723944,0.04322786,-0.422075,1.702773,-0.1341905,0.08745457,1.69895,-0.03430985,-0.4139431,1.665016,-0.2323446,-0.1541394,1.696987,0.2880968,-0.1046415,1.692741,NA,NA,NotTracked,NotTracked,
0.08056641,-0.8076172,0.2397461,0.07568359,0.7963867,0.375,0,1,-1,0,0,0,0,0,-1,0,-1,0,1,-1,-2,1,1.625,1.625,1.625,3.25,3.25,3.25,2.976807,4.811762,3.879642,6.756141,4.787036,8.116672,-0.03136155,-0.153107,1.477464,0.1487356,-0.1639447,1.475582,0.03685632,0.3536445,1.715259,-0.05822325,-0.1320845,1.426513,0.1008014,-0.1367617,1.552222,0.03537105,-0.1013713,1.723882,0.04322764,-0.4220376,1.702642,-0.1341791,0.08750272,1.69837,-0.03430334,-0.4138876,1.664949,-0.229748,-0.1534976,1.689917,0.2844132,-0.1065018,1.701467,NA,NA,NotTracked,NotTracked,
0.1508789,-0.8652344,0.2319336,0.1225586,0.7724609,0.3535156,2,-1,0,-1,3,-2,2,1,-2,-2,-2,0,0,1,2,1,-13.5625,-13.5625,-13.5625,8.4375,8.4375,8.4375,2.951141,4.706427,3.907579,6.771002,4.586563,8.082564,-0.033084,-0.1814228,1.477993,0.1509871,-0.2002157,1.473238,0.03690954,0.3534319,1.715091,-0.06680226,-0.18852,1.432819,0.1006953,-0.1914771,1.535572,0.03531996,-0.101477,1.723822,0.04313721,-0.422231,1.702456,-0.1341968,0.08748792,1.698282,-0.03440057,-0.4140057,1.664856,-0.229136,-0.1534053,1.687896,0.2787451,-0.1107644,1.705923,NA,NA,NotTracked,NotTracked,
0.331543,-0.7822266,0.2255859,0.4345703,0.7773438,0.3730469,-4,0,-3,-1,3,-1,-2,0,3,5,11,4,0,-2,-2,0,-16.5625,-16.5625,-16.5625,29.3125,29.3125,29.3125,2.928927,4.469398,3.949197,6.831143,4.388604,8.028591,-0.04252151,-0.2286691,1.483343,0.1501566,-0.2491139,1.474604,0.03695344,0.3533594,1.715009,-0.06069038,-0.2052881,1.428796,0.09565035,-0.2414817,1.539167,0.03517565,-0.1016257,1.723841,0.04262671,-0.4227321,1.702235,-0.1346015,0.08754839,1.699592,-0.03490945,-0.4144057,1.664629,-0.2280693,-0.1549305,1.687218,0.2683654,-0.1280778,1.71734,NA,NA,NotTracked,NotTracked,
0.4414063,-0.8222656,0.234375,0.4731445,0.7773438,0.3115234,-1,1,0,-1,-4,-5,-5,-1,-3,-4,-5,-3,-1,-1,2,-1,-4.625,-4.625,-4.625,32.375,32.375,32.375,2.888045,4.272649,3.992876,6.89379,4.18336,7.970997,-0.05780707,-0.2745661,1.493965,0.1614861,-0.2952946,1.493094,0.03708826,0.3532238,1.714713,-0.06591206,-0.250865,1.433162,0.1082263,-0.2735054,1.545854,0.0348337,-0.1020691,1.72362,0.04150072,-0.4240696,1.701564,-0.1347521,0.08732996,1.699889,-0.03593339,-0.4154953,1.664045,-0.1890243,-0.1324541,1.717542,0.2672977,-0.1327446,1.71757,NA,NA,Closed,Unknown,
0.5976563,-0.8544922,0.2304688,0.6796875,0.7109375,0.2851563,0,1,0,-2,-3,-3,-3,0,-1,-1,-2,-3,-2,-3,-3,-1,-19.125,-19.125,-19.125,15,15,15,2.817344,4.072187,4.051493,6.993414,3.91448,7.879572,-0.07174212,-0.312393,1.51885,0.1703852,-0.3394933,1.514432,0.03723738,0.3530538,1.71461,-0.01884409,-0.3108459,1.551,0.1507182,-0.326574,1.467472,0.03426257,-0.1029327,1.72342,0.03962013,-0.4261771,1.700925,-0.1348442,0.08684368,1.700354,-0.03771558,-0.4173353,1.663608,-0.1891625,-0.1332621,1.717173,0.2661811,-0.1411002,1.717174,NA,NA,Unknown,Unknown,
0.7353516,-0.7109375,0.1245117,0.8032227,0.8193359,0.1606445,2,1,-1,-2,2,-1,-2,-2,-1,-2,-1,-1,-1,-1,-2,-2,-2.0625,-2.0625,-2.0625,31.375,31.375,31.375,2.742819,3.80254,4.148838,7.119317,3.749263,7.782237,-0.08269217,-0.3551756,1.53525,0.1856952,-0.3735275,1.535286,0.03739704,0.3528391,1.71445,-0.03134607,-0.3732201,1.557931,0.1367581,-0.3850593,1.565972,0.03398015,-0.1035081,1.723129,0.03909314,-0.42718,1.700009,-0.1348684,0.08649414,1.700486,-0.03863894,-0.4185804,1.662638,-0.1880776,-0.1369399,1.715779,0.2640961,-0.1483413,1.716525,NA,NA,Unknown,Unknown,
0.8857422,-0.637207,0.09619141,0.8388672,0.6123047,0.1567383,0,-1,-1,-1,-5,-2,-1,0,0,-1,-1,1,0,-1,1,0,-31.6875,-31.6875,-31.6875,-3.3125,-3.3125,-3.3125,2.648809,3.610458,4.248903,7.192495,3.602273,7.676112,-0.09737857,-0.3910038,1.551441,0.196142,-0.3979208,1.554277,0.03767929,0.3525988,1.714426,-0.04728989,-0.4173614,1.575679,0.1468489,-0.4125296,1.571527,0.0340043,-0.10393,1.722674,0.03996285,-0.4280281,1.698332,-0.1348475,0.08612292,1.700508,-0.03833197,-0.4195086,1.661038,-0.1825746,-0.1494694,1.710562,0.2625195,-0.1554908,1.714588,NA,NA,Unknown,Unknown,
0.8710938,-0.6098633,0.04931641,0.8417969,0.5952148,0.02880859,0,-1,0,-2,-3,-1,1,-1,-1,1,0,2,0,0,-1,-1,-5.8125,-5.8125,-5.8125,9.9375,9.9375,9.9375,2.52109,3.447532,4.361821,7.373302,3.451067,7.497049,-0.1291613,-0.4171881,1.556282,0.2249135,-0.4133779,1.552216,0.03802603,0.3522888,1.713967,-0.09736015,-0.3606893,1.590222,0.186005,-0.4158143,1.558333,0.03397657,-0.104234,1.722336,0.03992204,-0.4283094,1.697939,-0.1348203,0.08512021,1.700137,-0.03862202,-0.4198734,1.660692,-0.1801132,-0.1592872,1.704022,0.2606349,-0.1619781,1.711421,NA,NA,Unknown,Unknown,
0.9555664,-0.5830078,-0.01171875,0.9013672,0.4960938,-0.03662109,-3,-1,0,-4,-15,-1,-2,-1,-3,-1,-2,0,-1,-1,-1,-2,-35.6875,-35.6875,-35.6875,0.5625,0.5625,0.5625,2.279775,3.278821,4.585967,7.517571,3.363476,7.326663,-0.1414433,-0.437333,1.57356,0.2336164,-0.4331835,1.567228,0.03831768,0.3520509,1.713698,-0.09961624,-0.3879507,1.5871,0.1932762,-0.4092209,1.585964,0.03411328,-0.1044132,1.722223,0.04030996,-0.4285617,1.697907,-0.1347625,0.08462964,1.699852,-0.03837197,-0.4201562,1.660713,-0.1783649,-0.1679308,1.699813,0.2597325,-0.166117,1.708894,NA,NA,Unknown,Unknown,
